{"cameraMode":{"drawMode":0,"name":"Shaded","section":"Shading Mode"},"sceneLighting":false,"audioPlay":false,"sceneViewState":{"showFog":true,"showMaterialUpdate":false,"showSkybox":true,"showFlares":true,"showImageEffects":true,"showParticleSystems":true},"in2DMode":false,"pivot":{"x":-35.661415100097659,"y":10.037843704223633,"z":11.496902465820313},"rotation":{"x":0.00749891996383667,"y":-0.016498833894729615,"z":0.00012374110519886017,"w":0.9998359680175781},"size":18.2102108001709,"orthographic":false}