{"cameraMode":{"drawMode":0,"name":"Shaded","section":"Shading Mode"},"sceneLighting":true,"audioPlay":false,"sceneViewState":{"showFog":true,"showMaterialUpdate":false,"showSkybox":true,"showFlares":true,"showImageEffects":true,"showParticleSystems":true},"in2DMode":false,"pivot":{"x":-18.1265869140625,"y":22.600000381469728,"z":10.849719047546387},"rotation":{"x":-0.24858315289020539,"y":0.08905500918626785,"z":-0.02295881137251854,"w":-0.964234471321106},"size":78.56877136230469,"orthographic":false}