{"cameraMode":{"drawMode":0,"name":"Shaded","section":"Shading Mode"},"sceneLighting":true,"audioPlay":false,"sceneViewState":{"showFog":true,"showMaterialUpdate":false,"showSkybox":true,"showFlares":true,"showImageEffects":true,"showParticleSystems":true},"in2DMode":false,"pivot":{"x":-35.56999969482422,"y":8.399999618530274,"z":0.0},"rotation":{"x":0.12655778229236604,"y":-0.002975540002807975,"z":0.0003803693689405918,"w":0.9919617772102356},"size":25.37390899658203,"orthographic":true}