{"cameraMode":{"drawMode":0,"name":"Shaded","section":"Shading Mode"},"sceneLighting":false,"audioPlay":false,"sceneViewState":{"showFog":true,"showMaterialUpdate":false,"showSkybox":true,"showFlares":true,"showImageEffects":true,"showParticleSystems":true},"in2DMode":false,"pivot":{"x":52.099998474121097,"y":13.800000190734864,"z":0.0},"rotation":{"x":0.12655778229236604,"y":-0.002975540002807975,"z":0.0003803693689405918,"w":0.9919617772102356},"size":28.257062911987306,"orthographic":true}